{"cameraMode":{"drawMode":0,"name":"Shaded","section":"Shading Mode"},"sceneLighting":false,"audioPlay":false,"sceneViewState":{"m_AlwaysRefresh":false,"showFog":true,"showSkybox":false,"showFlares":true,"showImageEffects":true,"showParticleSystems":true,"showVisualEffectGraphs":true,"m_FxEnabled":true},"in2DMode":false,"pivot":{"x":-0.852779746055603,"y":1.166824460029602,"z":5.31649923324585},"rotation":{"x":0.002508056117221713,"y":0.9957722425460815,"z":-0.08716239780187607,"w":0.028687214478850366},"size":1.8811192512512208,"orthographic":false}