{"cameraMode":{"drawMode":0,"name":"Shaded","section":"Shading Mode"},"sceneLighting":false,"audioPlay":false,"sceneViewState":{"m_AlwaysRefresh":false,"showFog":true,"showSkybox":false,"showFlares":true,"showImageEffects":true,"showParticleSystems":true,"showVisualEffectGraphs":true,"m_FxEnabled":true},"in2DMode":false,"pivot":{"x":11.888779640197754,"y":2.8075292110443117,"z":27.809499740600587},"rotation":{"x":0.0002729355182964355,"y":0.9994030594825745,"z":-0.008392708376049996,"w":0.03297404944896698},"size":8.683978080749512,"orthographic":false}