{"cameraMode":{"drawMode":0,"name":"Shaded","section":"Shading Mode"},"sceneLighting":false,"audioPlay":false,"sceneViewState":{"m_AlwaysRefresh":false,"showFog":true,"showSkybox":false,"showFlares":true,"showImageEffects":true,"showParticleSystems":true,"showVisualEffectGraphs":true,"m_FxEnabled":true},"in2DMode":false,"pivot":{"x":-10.556564331054688,"y":3.7555623054504396,"z":25.52553367614746},"rotation":{"x":-0.0009828914189711214,"y":0.9971360564231873,"z":-0.0743216872215271,"w":-0.013165869750082493},"size":3.5845565795898439,"orthographic":false}